clause,bucket,label,confidence
have to pay a monthly fee,Cost/Value,NEGATIVE,0.9494704008102417
PLEASE PLEASE let me edit a dang food to be for a different meal.,AI/Food Logging,NEGATIVE,0.9952815175056458
EDIT: after this review I contacted support about this issue and they have had me in a queue and kicking the can for FOUR MONTHS.,Engagement/Coach Support,NEGATIVE,0.9959465861320496
"so helpful in directing people to better, healthier eating habits.",Personalization,POSITIVE,0.9978592991828918
"for the past year, all I get now is network error.",Usability/Technical,NEGATIVE,0.9997084736824036
added a food that I couldn't change the portion of and it also wouldn't let me delete it.,AI/Food Logging,POSITIVE,0.9916130304336548
You state it's a free app with ads when it's actually a free trial.,Cost/Value,NEGATIVE,0.9979121088981628
can't even log in.,AI/Food Logging,NEGATIVE,0.9996289014816284
on any android device I have whenever I try to even log into the app it says I don't have a network connection.,AI/Food Logging,NEGATIVE,0.9994747042655945
This is helpful app when you are in diet or you want to calorie defict.,AI/Food Logging,POSITIVE,0.9608747959136963
repeatedly violates the Play Pass policy by trying to get you to upgrade to Premium upon login; Play Pass-certified apps should provide premium services without any further ads or transactions,Usability/Technical,NEGATIVE,0.9989939332008362
"it asks lots of questions before even launching... that's not a good sign to start ...and won't let you use the app without logging in.... and I wasn't able to log in with my Google account, it asked to connect to the network even",AI/Food Logging,NEGATIVE,0.9988403916358948
I have messaged their support and they tell me they'll unsubscribe me and work on the unsubscribe link,Engagement/Coach Support,NEGATIVE,0.9334994554519653
It automatically linked to my work Google account.,Usability/Technical,NEGATIVE,0.8835651278495789
incredible calorie tracker.,AI/Food Logging,POSITIVE,0.9995785355567932
this one is great if you need support from others.,Engagement/Coach Support,POSITIVE,0.9998441934585571
now you're making me PAY to do it... Uninstalling....,Cost/Value,NEGATIVE,0.9804389476776123
It forces you to log in,AI/Food Logging,POSITIVE,0.9977458119392395
Attempts to charge a subscription fee despite being a Play Pass app.,Cost/Value,NEGATIVE,0.9983605742454529
I've been using this free app since 2012 its great.,Cost/Value,POSITIVE,0.9453190565109253
"After paying a subscription and not accessing the app for a time, the services won't recognize my email address and so I can't do anything to access my account.",Cost/Value,NEGATIVE,0.999665379524231
Horrible user interface for a paid subscription.,Cost/Value,NEGATIVE,0.9996920824050903
"when I search for a food I always get the ""oops something went wrong"" error.",Usability/Technical,NEGATIVE,0.9997625946998596
"First time it happened, I messaged support and they fixed it in 2 days.",Engagement/Coach Support,NEGATIVE,0.993862509727478
Doesn't have a lot of products with barcode scanning and it won't let me upload the barcode and pictures to add to the app.,AI/Food Logging,NEGATIVE,0.9441974759101868
Really frustrating to use and not a lot of support.,Engagement/Coach Support,NEGATIVE,0.9997677206993103
not worth paying for.,Cost/Value,NEGATIVE,0.9997943043708801
"It might be helpful if more features could be previewed, cos I can't tell from the free app what would make the paid version worth it.",Cost/Value,NEGATIVE,0.9716964960098267
"I can't do short trials because they are always hard to cancel, and with ADHD I find it hard to make sure to cancel so I don't bother trying trials.",Cost/Value,NEGATIVE,0.9801031947135925
A subscription is an in app purchases,Cost/Value,NEGATIVE,0.8236693739891052
"i can't log in, always say that im not connected to the cellular or wireless internet",AI/Food Logging,NEGATIVE,0.9993295669555664
I really enjoy you're app it's very educational and works well with my eating habits and drinking too,Personalization,POSITIVE,0.9998145699501038
Update: I've loved this app so much I've bought the lifetime membership.,Usability/Technical,POSITIVE,0.9997162222862244
Very user friendly,Usability/Technical,POSITIVE,0.9951106905937195
I encountered an issue where I was being prompted to pay a charge despite having an active play pass subscription.,Cost/Value,NEGATIVE,0.9989718198776245
It has to log me in each time I open the app.,AI/Food Logging,NEGATIVE,0.9807153940200806
It won't let me log more than one day of food without paying for their subscription.,AI/Food Logging,NEGATIVE,0.9642724394798279
seem like there might be a touch of pay to play from big brands,Cost/Value,NEGATIVE,0.9832760095596313
Doesn't offer the ability to sync to any fitness trackers or other apps.,Usability/Technical,NEGATIVE,0.9990242719650269
"Its only notable features are behind a pay wall, which other apps offer for free.",Cost/Value,NEGATIVE,0.997648298740387
"I have Google Play Pass, and even with that, I see this app as not even worth the storage space it takes up.",Cost/Value,NEGATIVE,0.9997990727424622
The best calorie/fitness tracker out there.,AI/Food Logging,POSITIVE,0.999422550201416
The recommendations of healthier options of things I'm craving has been a huge help and the community interactions are an awesome feature,Engagement/Coach Support,POSITIVE,0.9998557567596436
A great calorie counting app and using the free version has been great as well.,AI/Food Logging,POSITIVE,0.9989239573478699
User friendly and loaded with many food and beverage items from previous users for quick tracking!,Usability/Technical,POSITIVE,0.7570720911026001
Pay $16.99+tax with in app ads to buy other apps!!!!,Cost/Value,NEGATIVE,0.9963024854660034
Would be awesome if the scanner didn't take you to a error screen every time,AI/Food Logging,POSITIVE,0.8413733839988708
"All I wanted was some accountability and a way to gather data, so this works great for me.",Engagement/Coach Support,POSITIVE,0.99973064661026
Luv this app for nutrition knowledge gleened from daily meals.,AI/Food Logging,POSITIVE,0.9871565699577332
Focusing on weight loss plus nutrition makes me healthier and more energetic.‚ù§Ô∏è,AI/Food Logging,POSITIVE,0.9995996356010437
Not as expected unless you pay.,Cost/Value,NEGATIVE,0.9862052798271179
"Picked this app because most of the features don't require a subscription and was very highly recommended, both by other users and several websites (like Good Housekeeping).",Cost/Value,POSITIVE,0.9986513257026672
"In my opinion, it's the best calorie counting app, at least that I've used.",AI/Food Logging,POSITIVE,0.9996671676635742
Plan on keeping it!,Personalization,POSITIVE,0.9994712471961975
"I attempted to log an apple, which none of them were graded with TONS of submissions from app users.",AI/Food Logging,NEGATIVE,0.9994382262229919
Dislike force account making,Usability/Technical,NEGATIVE,0.9969600439071655
"If I delete my ""something about you"" or my goal weight ANYTHING- it immediately reappears.",Personalization,NEGATIVE,0.9911460280418396
Sometimes it lags and brings me back to the login page after I scanned something.,Usability/Technical,NEGATIVE,0.9952599406242371
Pleaseeeee make it so you don't have to log in or something.,AI/Food Logging,POSITIVE,0.9978813529014587
really good barcode scanner,AI/Food Logging,POSITIVE,0.9998043179512024
The fact that the food scanner doesn't need a subscription is enough of a reason to buy this app.,AI/Food Logging,NEGATIVE,0.9071097373962402
There are also a lot of options for getting your food tracked.,AI/Food Logging,POSITIVE,0.9228566288948059
", the interface is clunky and I've only used this app for about a couple hours.",Usability/Technical,NEGATIVE,0.9994078874588013
"I got a message saying ""sorry you can't continue to use fooducate"" after putting in my birthday.",Engagement/Coach Support,NEGATIVE,0.9953128099441528
"So I contacted the support email provided to tell them the issue and the automated email response said ""sorry users under 13 and 18 can't use it we can not assist you further.""",Engagement/Coach Support,NEGATIVE,0.9990004897117615
"loving it, makes keeping track of workouts and calorie intake fun and easy",AI/Food Logging,POSITIVE,0.9998738765716553
This app is encouraging self harm and eating disorders,Engagement/Coach Support,POSITIVE,0.9818192720413208
The Scanner is a miss nearly 95% of the time.,AI/Food Logging,NEGATIVE,0.9993674159049988
They should spend more time manually fixing their database.,AI/Food Logging,NEGATIVE,0.9997805953025818
Forces you to create an account,Usability/Technical,POSITIVE,0.9991219639778137
It's not completely free.,Cost/Value,NEGATIVE,0.9997777342796326
You need to sign up to a subscription if you want full use of the app.,Cost/Value,NEGATIVE,0.9977964162826538
Absurd they would try to charge a subscription.,Cost/Value,NEGATIVE,0.9996329545974731
Immediately uninstalled and will continue to just use on the web which is free ü§ó,Cost/Value,NEGATIVE,0.9939336180686951
Trying in this out to get a handle of my rating habits.,Personalization,NEGATIVE,0.9985033273696899
"The layout before was simple and clean, i came back to this app after a good amount of time and this is bad.",Usability/Technical,NEGATIVE,0.9997816681861877
NOT FREE,Cost/Value,NEGATIVE,0.9986948370933533
"Google Play doesn't make it clear that you have to supply payment, even to do even the free trial.",Cost/Value,NEGATIVE,0.9997149109840393
I wish there was a way to sync my Fitbit data.,Usability/Technical,NEGATIVE,0.9996026158332825
"I have an Android device and it looks like the only option to bypass and have the data synced up would be if I had an iPhone, which I don't.",Usability/Technical,NEGATIVE,0.9965710639953613
"Even after I canceled the subscription and uninstalled it, when I try to open a link, it takes me back to try to install it again.",Cost/Value,NEGATIVE,0.9991694688796997
This app being easy to use and free for an important part of finding good food makes this one of the best apps ever!,Cost/Value,POSITIVE,0.9998056292533875
one of the best apps for supporting nutrition,AI/Food Logging,POSITIVE,0.9997873902320862
"It said it was a free app,",Cost/Value,NEGATIVE,0.9775047898292542
when you fill out your info they then give you 3 days free and then change you.,Cost/Value,NEGATIVE,0.968028724193573
Not Free,Cost/Value,NEGATIVE,0.9986948370933533
"Not free, false advertising",Cost/Value,NEGATIVE,0.9988734126091003
Must pay to use,Cost/Value,NEGATIVE,0.9879031777381897
Free for Google Pass?,Cost/Value,NEGATIVE,0.9935285449028015
IT IS NOT FREE FOR GOOGLE PASS MEMBERS.,Cost/Value,NEGATIVE,0.999612033367157
A pretty wide selection of foods and the ability to help the community by adding other foods for the database.,AI/Food Logging,POSITIVE,0.9997805953025818
Loved this App until they chose to put the Community behind a paywall with NO warning.,Engagement/Coach Support,POSITIVE,0.9615880846977234
"And this Community Feature they are charging you for has no Private Messaging, No ability to edit posts once they are live, no multiple pictures posting, No videos.",Engagement/Coach Support,NEGATIVE,0.998711109161377
It just isn't worth it at all anymore.,Cost/Value,NEGATIVE,0.999782383441925
"I paid for the premium services, I am still unable to log on.",AI/Food Logging,NEGATIVE,0.999311089515686
Customer service has emailed back with little feedback & no solution.,Engagement/Coach Support,NEGATIVE,0.999568521976471
I requested my money back today.,Cost/Value,NEGATIVE,0.9963687658309937
"Not sure why I keep getting a error ""000003"".",Usability/Technical,NEGATIVE,0.9996110796928406
Can't log inconsistently.,AI/Food Logging,POSITIVE,0.7455400228500366
I could never scan or put my foods in for it saying network error.,Usability/Technical,NEGATIVE,0.9982054233551025
Tried reinstalling and now it won't even allow me to login.,Usability/Technical,NEGATIVE,0.9996054768562317
"UPDATE: After months I'm now able to login and actually use the app... +1 star, we'll see how it goes.",Usability/Technical,POSITIVE,0.9991365075111389
no dark mode and I have to pay to track carbs???,Cost/Value,NEGATIVE,0.9975308775901794
Only scanning barcode has worked so far.,AI/Food Logging,NEGATIVE,0.9807834029197693
000033 error message.,Engagement/Coach Support,NEGATIVE,0.9992720484733582
"Reading the reviews, I'm not alone, and it seems my favorite feature of scanning products to compare scores is behind the pay wall.",Cost/Value,NEGATIVE,0.9484705924987793
Not letting me login,Usability/Technical,NEGATIVE,0.9671064615249634
"There was a glitch in the app that I kept reporting along with sending screenshots of the problem,",Usability/Technical,NEGATIVE,0.9988910555839539
Reinstalling the app caused me to have to purchase another subscription.,Cost/Value,NEGATIVE,0.999565064907074
"The app became a frustration, so I deleted my account,",Usability/Technical,NEGATIVE,0.9997685551643372
there is no refund.,Cost/Value,NEGATIVE,0.9988055229187012
now it won't let me log in my new device.,AI/Food Logging,NEGATIVE,0.9865958094596863
Z Flip 5 can't do Facebook or Google account login.,Usability/Technical,NEGATIVE,0.9993140697479248
Keep getting error 000033,Usability/Technical,NEGATIVE,0.9955297112464905
26 August 2023 Update: I've been using this app since about 2012.,Usability/Technical,NEGATIVE,0.852656364440918
Loved its abundant information / ease of use so much I paid for subscription/Pro access soon after.,Cost/Value,POSITIVE,0.999103307723999
since the 27 July 2023 update the app is broken.,Usability/Technical,NEGATIVE,0.9995903372764587
"Per email tech support, the one time it prompted me to log in I did",AI/Food Logging,NEGATIVE,0.9874025583267212
I now do not recommend using this app.,Personalization,NEGATIVE,0.9923151731491089
"App will not connect to my wifi, therefore won't open.. Hopefully this is a temporary glitch.",Usability/Technical,NEGATIVE,0.9996895790100098
Great for food journaling and accountability.,Engagement/Coach Support,POSITIVE,0.9997097849845886
Update 3/16/23: The update makes food diary entry a hassle.,Usability/Technical,NEGATIVE,0.9995319843292236
"Now you have to select the meal with EACH selection, or it defaults to ""snack."".",AI/Food Logging,NEGATIVE,0.9961125254631042
It's got a HUGE food database.,AI/Food Logging,POSITIVE,0.9995518326759338
I thought it was free.,Cost/Value,NEGATIVE,0.9669759273529053
"The app, and my premium subscription that I've had since 2014, are now broken and useless since Maple Media took over.",Cost/Value,NEGATIVE,0.9997791647911072
"Weeks and weeks of emailing with customer service has yielded nothing, and calling them leaves me in an automated system every time that asks me to leave a message.",Engagement/Coach Support,NEGATIVE,0.999471127986908
8/21/23 update - this has stopped working.,Usability/Technical,NEGATIVE,0.9997392296791077
It asks me to log in every time and when I try I get an error message.,AI/Food Logging,NEGATIVE,0.9984122514724731
"The app also recommends the more expensive options and calls them ""healthier"" definitely not dietician approved.",Cost/Value,NEGATIVE,0.9994105100631714
"It doesn't stay logged in and when I do try to log in, I get an error message almost every time.",AI/Food Logging,NEGATIVE,0.9973857998847961
I feel like I wasted my money.,Cost/Value,NEGATIVE,0.9997822642326355
8/13/23 -- Haven't been able to log in using any method for weeks now and heard nothing at all back from support upon reaching out.,AI/Food Logging,NEGATIVE,0.9978669881820679
"The app can't log you in, and customer service pretends it's not an issue.",AI/Food Logging,NEGATIVE,0.9990020394325256
2023 Update: Having a lot of issues getting into the app.,Usability/Technical,NEGATIVE,0.9923132061958313
"Everytime I click on it, it asks me to sign in + gives me errors when I do try to log in.",AI/Food Logging,NEGATIVE,0.9988895058631897
Another update: was able to get in w/ direct email,Usability/Technical,NEGATIVE,0.9913448095321655
Gives me error code 000033.,Usability/Technical,NEGATIVE,0.9985666871070862
Says there's problem/ try again later or says 'not connected to the internet' when I absolutly am with 5G connection.I get this error MULTIPLE times/day.,Usability/Technical,NEGATIVE,0.999636173248291
"Now it just crashes a lot, the interface is horrible, not enough products or accurate information, etc .. who is in charge?",Usability/Technical,NEGATIVE,0.9997826218605042
"I could be right next to the router and it would give me a ""network connection: error",Usability/Technical,NEGATIVE,0.9994370341300964
"I just recently renewed my subscription just to constantly get ""network error"".",Cost/Value,NEGATIVE,0.9988592863082886
Error 000033 when trying to sign in with Google.,Usability/Technical,NEGATIVE,0.9995991587638855
"08/04/2023 -When I open the app and try to login with Google I continue to get the error: ""Oops, something went wrong.",Usability/Technical,NEGATIVE,0.9997254014015198
"Usually, I log in using my Google account.",AI/Food Logging,NEGATIVE,0.9817945957183838
"So, tried using my login ID and password.",Usability/Technical,NEGATIVE,0.9983239769935608
I got an error message saying my password is wrong.,Engagement/Coach Support,NEGATIVE,0.9997184872627258
I still can't log in.,AI/Food Logging,NEGATIVE,0.9990390539169312
"I constantly get the error, ""Network problem.",Usability/Technical,NEGATIVE,0.9994910955429077
"Make sure your device is connected to a cellular or wireless network and try again.""",Usability/Technical,NEGATIVE,0.9958036541938782
I really like all the data that it provides you with in order to keep track of calorie intake and macros.,AI/Food Logging,POSITIVE,0.9979466795921326
Edit: app is having VERY frequent network issues so i can't sign on to update what i ate.,Usability/Technical,NEGATIVE,0.9988036155700684
I have been using this for years and am using it again to track my nutrition following bariatric surgery.,AI/Food Logging,NEGATIVE,0.9924730062484741
"for now, don't pay.",Cost/Value,NEGATIVE,0.9988804459571838
The app is a MESS now after the new update overhaul.,Usability/Technical,NEGATIVE,0.9998149275779724
"Do NOT update the app if you haven't already Thankfully I was able to to revert back to the previous version of the app and surprise, no more of these issues.",Usability/Technical,NEGATIVE,0.9985652565956116
Lately it just keeps saying network error and loads and loads and nothing ever appears.,Usability/Technical,NEGATIVE,0.9995942711830139
"It says it's free until you put in all your personal information, then you find out it's only free for 3 days.",Cost/Value,NEGATIVE,0.9952926635742188
"Meh, if it wasn't included in play pass I wouldn't pay for it.",Cost/Value,NEGATIVE,0.997510552406311
I use the free version to track my calories and it has been very helpful for that.,Cost/Value,POSITIVE,0.9975472092628479
"IDK about paid version with the Macro counting and how accurate the TDEE thing is,",AI/Food Logging,NEGATIVE,0.6338322758674622
", the nutrition rating on the foods is not to be trusted.",AI/Food Logging,NEGATIVE,0.9993501305580139
don't use it as actual dieting tips and advice on nutrition.,AI/Food Logging,NEGATIVE,0.999489426612854
now you need an account.,Usability/Technical,NEGATIVE,0.995762825012207
"I loved having a free app that could help me eat better by telling me what's in the foods I'm eating, its grade, and what I can substitute them with.",Cost/Value,NEGATIVE,0.6380264163017273
"I don't need another diet tracker app in my life, that's not I used fooducate for, and now I can't use it at all because everything I did use is hidden behind a pay wall.",Cost/Value,NEGATIVE,0.997989296913147
Three day trial then $17 per year.. Popups begging for a rating within the first two minutes of use.,Cost/Value,NEGATIVE,0.9988194108009338
"Please, please, PLEASE fix what the latest update screwed up!!",Usability/Technical,NEGATIVE,0.9992551207542419
I can't log any NEW foods using the search function anymore!,AI/Food Logging,NEGATIVE,0.999152660369873
"Begs for money upon launch once a day, EVERY SINGLE DAY.",Cost/Value,NEGATIVE,0.9985559582710266
you can't just open the app without it logging you in which takes time... time you can't buy,AI/Food Logging,NEGATIVE,0.995996356010437
add a meal to the day by accident want to delete it?,AI/Food Logging,NEGATIVE,0.9996458292007446
"Functional app, has paid subscription for more features.",Cost/Value,NEGATIVE,0.7169556021690369
Calorie counting irrelevant.,AI/Food Logging,NEGATIVE,0.999805748462677
"I kind of wish they would stop changing the layout,",Usability/Technical,NEGATIVE,0.9995052814483643
overall this has been my favorite nutrition app.,AI/Food Logging,POSITIVE,0.9938911199569702
The latest free version as of 3.11.23 ü§ß BIG TIME!!!!!,Cost/Value,NEGATIVE,0.8204807043075562
& not each item into a separate meal?,AI/Food Logging,NEGATIVE,0.9947178959846497
Lier's not free they just want your info,Cost/Value,NEGATIVE,0.9974476099014282
you can add the odd food items and create regular meal plans,AI/Food Logging,POSITIVE,0.958552896976471
Load beep sound wherever you use the scanner.,AI/Food Logging,NEGATIVE,0.9916192293167114
love this free tracker,Cost/Value,POSITIVE,0.9998204112052917
"I like how I can track more nutrition information,",AI/Food Logging,POSITIVE,0.9986315369606018
their isn't a way to add your own food or update wrong information someone put in the system.,Usability/Technical,NEGATIVE,0.9996769428253174
It won't let you attach the nutrition screenshot either..it would be great if it would work.,AI/Food Logging,NEGATIVE,0.9944570064544678
Basic health questions should come BEFORE calorie counts.,AI/Food Logging,NEGATIVE,0.9947816729545593
Update: 1/8/23: The problems seem to have been corrected.,Usability/Technical,NEGATIVE,0.998715877532959
"No ability to share pictures in the community for last day or so, and a lot of people reporting issues with logging in at all.",AI/Food Logging,NEGATIVE,0.9996579885482788
"No communication from the app staying there is a bug they are working on or anything, nothing about when it might be fixed.",Usability/Technical,NEGATIVE,0.9995594620704651
Update It was five stars until recently as of yesterday I can't upload any photos of my food in the community tab.,Engagement/Coach Support,NEGATIVE,0.9855339527130127
Been using this app for a long time and absolutely love the community and friendship.,Engagement/Coach Support,POSITIVE,0.9998683929443359
got various error messages each time.,Usability/Technical,NEGATIVE,0.9992192983627319
since the update it doesn't load any paages and uninstalling in didnt help.,Usability/Technical,NEGATIVE,0.9989109039306641
People enjoy the community and sharing pictures of their food.,Engagement/Coach Support,POSITIVE,0.9998131394386292
I will update my review if and when they fix it.,Usability/Technical,NEGATIVE,0.9867404103279114
"As of now, I regret paying for this app this month and cancelled my subscription.",Cost/Value,NEGATIVE,0.999702513217926
I was making an account and it denied me use of the app before I finished my account because I was born in 2005,Usability/Technical,NEGATIVE,0.9990874528884888
I want my account deleted and I need to know how to do that ASAP.,Usability/Technical,NEGATIVE,0.9997281432151794
Too expensive üò™,Cost/Value,NEGATIVE,0.9990091323852539
it's way to expensive.,Cost/Value,POSITIVE,0.6017354726791382
could be better to reduce the price on the premium version so we can actually get to invest in such a useful tool as this app is.,Cost/Value,NEGATIVE,0.9957446455955505
", it's below average with everything else and not worth the subscription.",Cost/Value,NEGATIVE,0.9997832179069519
", it is not worth a monthly fee to me.",Cost/Value,NEGATIVE,0.9997960925102234
I am unhappy I submitted label information to them for them to now be forcing me to pay to leverage the community-shared information.,Engagement/Coach Support,NEGATIVE,0.9997851252555847
"I purchased the lifetime subscription years ago, best investment ever.",Cost/Value,POSITIVE,0.999200165271759
"I had an issue using app and reached out to support, they had the issue fixed within hours.",Engagement/Coach Support,NEGATIVE,0.9283056259155273
I hope they update it to match the IOS version in the future.,Usability/Technical,NEGATIVE,0.9502899050712585
Don't care about the calorie counter just want to be able to look at ingredients.,AI/Food Logging,NEGATIVE,0.9945400357246399
"All the upgrade gave me was an ""eating plan.""",Personalization,NEGATIVE,0.5606542229652405
I'm sad that I did not pay more attention to the fine print before buying the app.,Cost/Value,NEGATIVE,0.9975499510765076
I could get an eating plan for free online.,Personalization,NEGATIVE,0.9977447986602783
very user friendly.,Usability/Technical,POSITIVE,0.9952758550643921
It is not free,Cost/Value,NEGATIVE,0.9995850920677185
Was not user friendly.,Usability/Technical,NEGATIVE,0.9997281432151794
They promised that they will support custom recipes in 2016...,Engagement/Coach Support,POSITIVE,0.9375005960464478
I'm looking for a replacement that supports custom recipes.,Personalization,NEGATIVE,0.9995287656784058
"Amazing app, I love that you can scan barcodes for free and have a community to talk to as well, wonderful app‚ô°",Engagement/Coach Support,POSITIVE,0.9998503923416138
It said it was free...(and best of all its free) no its not free!,Cost/Value,NEGATIVE,0.9874060750007629
wish it would show me the macros for each meal as an option somewhere,AI/Food Logging,NEGATIVE,0.9978712797164917
This defeats the purpose of spending the money on a pro version.,Cost/Value,NEGATIVE,0.9997910857200623
It shows the food rating on the daily log page so it is easier to see at a glance how you are doing for the day.,AI/Food Logging,NEGATIVE,0.8867400884628296
This is a great app with easy features and a great community and also great information.,Engagement/Coach Support,POSITIVE,0.9998611211776733
It's awesome I recommend it,Personalization,POSITIVE,0.9998763799667358
Easy to log in food.,AI/Food Logging,POSITIVE,0.9953157901763916
Pretty good community actually.,Engagement/Coach Support,POSITIVE,0.9998770952224731
"As well as your weight, easy log in features.",AI/Food Logging,NEGATIVE,0.7171205878257751
I paid for a month premium and a month gluten free premium and the app still doesn't show anything.,Cost/Value,NEGATIVE,0.9996907711029053
Money was taken out of my account for both.,Cost/Value,NEGATIVE,0.9989499449729919
"Initially, I had some bugs that needed to be worked out and had to wait on tech support to fix my app.",Engagement/Coach Support,NEGATIVE,0.9996985197067261
Extremely expensive for what you get.,Cost/Value,NEGATIVE,0.9954036474227905
Love layout of each site.,Usability/Technical,POSITIVE,0.9998742341995239
"If you can't afford to pay people to moderate the submissions, then allow users to report duplicate items, items with incorrect ratings, etc and REMOVE them until they are reviewed by a real live human being.",Cost/Value,NEGATIVE,0.9990938901901245
Very expensive for what you get.,Cost/Value,NEGATIVE,0.9841393232345581
"""Pro"" doesn't give you the ability to add food allergens unless of course you pay more for that.",Cost/Value,NEGATIVE,0.9971750974655151
"I'm an RN, I want a refund and I don't want ANYONE else falling for it.",Cost/Value,POSITIVE,0.5853201150894165
Not a user friendly app for a new person.,Usability/Technical,NEGATIVE,0.9996356964111328
"‚ù§Ô∏è Oh, and don't really use the meal tracker.",AI/Food Logging,NEGATIVE,0.9997684359550476
"It keeps crashing, my phone said it has a bug.",Usability/Technical,NEGATIVE,0.9992658495903015
This app was great to check nutrition grades on different foods.,AI/Food Logging,POSITIVE,0.9973437190055847
"I can't even access the app anymore due it trying to ""log in"" and refresh on a continuous loop",AI/Food Logging,NEGATIVE,0.9993138313293457
The search function doesn't work on my device and the list of brands seems fairly limited.,Usability/Technical,NEGATIVE,0.9997910857200623
"App isn't working properly, it opens and closes and then will crash.",Usability/Technical,NEGATIVE,0.9992415904998779
Good for weight loss goal setting,Personalization,POSITIVE,0.9989569187164307
The free level gives a lot of info.,Cost/Value,POSITIVE,0.9856035709381104
Downloaded and tried setting up and logging in and it wouldn't let me.,AI/Food Logging,NEGATIVE,0.6006009578704834
is now plagued with simultaneous subscription prices and bugs.,Cost/Value,NEGATIVE,0.9996590614318848
Very satisfied with the premium app and the cost is so reasonable.,Cost/Value,POSITIVE,0.9990997314453125
I enjoy your app so well that I am in the process now of changing my Fooducate plan from monthly to your yearly or annual plan.,Personalization,POSITIVE,0.9993466734886169
I hope that your next update you can address the issue of PHOSPHORUS content of FOODS,Usability/Technical,POSITIVE,0.7111640572547913
I did the one year subscription and it paid for itself in the first week with all the helpfull tips.,Cost/Value,NEGATIVE,0.9893923997879028
I highly recommend it.,Personalization,POSITIVE,0.9998669624328613
I'm using the free version,Cost/Value,NEGATIVE,0.9926919341087341
"Has a bug, clearing cache and data doesn't fix the problem",Usability/Technical,NEGATIVE,0.9994841814041138
It helps me keep track and gives me alternatives to some high calorie food.,AI/Food Logging,POSITIVE,0.9987101554870605
"after 1 day you are forced to pay, I was recommended the app by someone who has it on IOS and the android version has way less features such as the recipe creator.",AI/Food Logging,NEGATIVE,0.9988957643508911
Did you have to pay for some things,Cost/Value,NEGATIVE,0.9970065951347351
"the last 2 days it won't even allow me to log in...and I pay for premium, so this is a major issue.",AI/Food Logging,NEGATIVE,0.9978343844413757
Is there a bug or something?,Usability/Technical,NEGATIVE,0.999602735042572
"Paying for premium, have emailed ""support"" numerous times...and my app STILL does not work!",Engagement/Coach Support,NEGATIVE,0.999751627445221
"And, I have not received a response from support to my last 3 emails.",Engagement/Coach Support,NEGATIVE,0.9994421601295471
"So, just please tell me how to cancel.",Cost/Value,NEGATIVE,0.999415397644043
I was really looking forward to an app that gave more feedback on my choices,Engagement/Coach Support,POSITIVE,0.9919688105583191
it doesn't give any feedback really.,Engagement/Coach Support,NEGATIVE,0.9997410178184509
"The community and tips are exceptional, AND it even has pet options so they can be healthy too!",Engagement/Coach Support,POSITIVE,0.9997765421867371
The free version is plenty and the premium is so worth it.,Cost/Value,POSITIVE,0.9998729228973389
I needed some motivation.,Engagement/Coach Support,NEGATIVE,0.9984230995178223
"The App crashes alot, the app has login issues that haven't been addressed since it was released.",Usability/Technical,NEGATIVE,0.9996976852416992
Eating right is about portion control.,AI/Food Logging,POSITIVE,0.9974779486656189
Don't pay for premium.,Cost/Value,NEGATIVE,0.9971985816955566
You can find everything it offers for free online.,Cost/Value,POSITIVE,0.818808913230896
And they won't refund you.,Cost/Value,NEGATIVE,0.9980998635292053
I also like that if I get a product & it's not in your portfolio of products I can upload a picture of the product & nutritional info photo and it will give me ratings & other alternatives!,AI/Food Logging,NEGATIVE,0.8800533413887024
Barcode works great.,AI/Food Logging,POSITIVE,0.9998288154602051
I was disgusted to see you have to become a PREMIUM member to even filter out your allegies let alone if you're dairy free or Vegan.,Cost/Value,NEGATIVE,0.999468982219696
Oh hell no you aren't making money off of women's traumatizing lady part issues.,Cost/Value,NEGATIVE,0.9972906708717346
"Easy to use, lots of nutrition tips, useful statistics and suggestions for healthier alternatives.",AI/Food Logging,POSITIVE,0.9983839988708496
Please help this app out by adding the food you eat to the database!,AI/Food Logging,POSITIVE,0.9041929841041565
My only problem is that MFP has a far more complete database.,AI/Food Logging,NEGATIVE,0.9935157299041748
Recommend !,Personalization,POSITIVE,0.9998445510864258
She got to her weight loss goal without under eating.,Personalization,POSITIVE,0.9916417598724365
We both used only the free version of this.,Cost/Value,NEGATIVE,0.9985358715057373
"I recommend this to anyone who wants to stay consistent, or lose weight.",Personalization,POSITIVE,0.9947782754898071
Calorie counts plus lots of helpful nutritional information on foods.,AI/Food Logging,POSITIVE,0.994228720664978
Why does it require a calorie goal?,AI/Food Logging,NEGATIVE,0.9977291226387024
not have a goal.,Personalization,NEGATIVE,0.9986853003501892
"even when I set my goal to ""maintain"" it still assigned me a specific calorie goal.",AI/Food Logging,NEGATIVE,0.9926947355270386
Paid subscription.,Cost/Value,POSITIVE,0.9189354777336121
Has no way to cancel and no way to contact.,Cost/Value,NEGATIVE,0.9980132579803467
Easy to use and free calorie tracking with articles and other features.,AI/Food Logging,POSITIVE,0.9417176246643066
Good community!,Engagement/Coach Support,POSITIVE,0.9998751878738403
I thought the point was the app analyzes the nutrition information to grade the food.,AI/Food Logging,NEGATIVE,0.9945942759513855
THERE'S NO WAY TO CANCEL!!,Cost/Value,POSITIVE,0.9990967512130737
Fooducate has been helpful in food selection/replacement for meal selection to control my diabetes.,AI/Food Logging,POSITIVE,0.9564304947853088
The app has been pretty easy to use for recording your food intake to try to stay on your calorie limit if you are trying to lose weight.,AI/Food Logging,NEGATIVE,0.9966849684715271
"There is a community that you can join and helpful articles they post on food, exercise and health.",Engagement/Coach Support,POSITIVE,0.9993630051612854
Good except for have to pay a monthly fee to get net carbs unlike the Keto diet app,Cost/Value,POSITIVE,0.5862266421318054
"Doesn't really help unless you buy into additional apps to benefit your need for help with Carbs, nutrition and glucose tracking.....",AI/Food Logging,NEGATIVE,0.9986705780029297
Waits till u put in all ur stuff then tells u it costs money,Cost/Value,NEGATIVE,0.9991714954376221
"Paid app is ok, free they just hold back basic functionality",Cost/Value,POSITIVE,0.9731823205947876
Paywall for diabetes support,Engagement/Coach Support,NEGATIVE,0.9808155298233032
The paid version is very worth it for someone like me trying to educate myself about the quality of food I'm eating.,Cost/Value,POSITIVE,0.9997820258140564
"The community is SUPER nice and supportive, And its kinda easy to use,",Engagement/Coach Support,POSITIVE,0.9997683167457581
Easy tool to learn new eating habits!,Personalization,POSITIVE,0.9931818842887878
What I like especially about this app is that it gives you better options with the barcode scanner,AI/Food Logging,POSITIVE,0.9859275817871094
Best nutritional information for FREE and NO ADS.,Cost/Value,POSITIVE,0.9573796987533569
"This app contains a great database of food options with sourcing from grocery stores, restaurants, and user added.",AI/Food Logging,POSITIVE,0.9987468719482422
"For those looking to share your program with media or others in the Fooducate community, that option is easy to navigate.",Engagement/Coach Support,POSITIVE,0.9973260164260864
They auto renew your account and make it highly difficult to remove your info.,Usability/Technical,NEGATIVE,0.9996515512466431
"I've enjoyed this app so much, I went with a lifetime subscription.",Cost/Value,POSITIVE,0.9992437362670898
If I stay within my caloric goal I maintain my weight.,Personalization,NEGATIVE,0.950312614440918
I would definitely buy a subscription for that 100%,Cost/Value,NEGATIVE,0.9083752036094666
The food database seems huge.,AI/Food Logging,POSITIVE,0.9656520485877991
I recommend it.,Personalization,POSITIVE,0.9998339414596558
I recommend Fooducate.,Personalization,POSITIVE,0.9965247511863708
"So far has been a very cool app for finding info on all the foods you eat, could use some work on the login",Usability/Technical,POSITIVE,0.9951089024543762
"I like how it keeps a record of the foods, that makes it easier to log.",AI/Food Logging,POSITIVE,0.9968695044517517
I refuse to pay for something that I can't evaluate beforehand.,Cost/Value,NEGATIVE,0.9970466494560242
And it's not user friendly.,Usability/Technical,NEGATIVE,0.9996815919876099
I would like to please cancel .,Cost/Value,NEGATIVE,0.9990530610084534
Cost money,Cost/Value,POSITIVE,0.9772709012031555
I cant seem to cancel subscriotion,Cost/Value,NEGATIVE,0.9789435267448425
The free version is amazing bit I'm buying the premium and I never pay for memberships.,Cost/Value,POSITIVE,0.99695885181427
All suggestions have to be paid for.,Personalization,NEGATIVE,0.9984201192855835
There are some products I've found where the nutrition data is extremely wrong.,AI/Food Logging,NEGATIVE,0.9993288516998291
Needs to sync with samsung health for nutrition,AI/Food Logging,NEGATIVE,0.9991342425346375
"Love the suggested calorie count based on age , weight, height.",AI/Food Logging,POSITIVE,0.9992116689682007
Great free app!!,Cost/Value,POSITIVE,0.9998218417167664
Using the paid version i like the summary macro summary.,AI/Food Logging,NEGATIVE,0.9157978892326355
Everything I use it for is free and it is easy to scan in a new product to add to the system.,Cost/Value,NEGATIVE,0.979931116104126
"Love the community aspect, tips, blogs, and the analytics tracking are great!",Engagement/Coach Support,POSITIVE,0.9998705387115479
The scanner feature is EXTREMELY fast and comprehensive.,AI/Food Logging,POSITIVE,0.9996134638786316
I have canceled this subscription and it is telling me that I have no active subscriptions.,Cost/Value,NEGATIVE,0.9997684359550476
I keep forgetting I have this so it is pointless for me to continue to pay for something I do not use.,Cost/Value,NEGATIVE,0.9997848868370056
How can I make sure I am fully canceled and possibly get a refund on this month?,Cost/Value,NEGATIVE,0.9996427297592163
Please update to move the scan button to the bottom middle of the home page!,Usability/Technical,NEGATIVE,0.9867352247238159
Great community!,Engagement/Coach Support,POSITIVE,0.9998836517333984
"The support, advice, tips and ideas are wonderful.",Engagement/Coach Support,POSITIVE,0.9998854398727417
The one downside are the creeps who want to private message you.,Engagement/Coach Support,NEGATIVE,0.9966301321983337
I was under the impression that this would help me get on a certain meal plan or educate me on the right foods to consume to meet my goals.,AI/Food Logging,NEGATIVE,0.9948052763938904
I'm considering asking for a refund and looking elsewhere at the moment.,Cost/Value,NEGATIVE,0.999727189540863
"How do I make my meal planner, keep track of my carbs & calories",AI/Food Logging,POSITIVE,0.9714295864105225
forcing you to pay attention to WHERE your calories come from.,Cost/Value,NEGATIVE,0.9952210783958435
"This app encourages eating whole foods and rates what you eat based on how nutrient dense it is, not how low calorie it is.",AI/Food Logging,POSITIVE,0.9538902044296265
Good app so far Good with nutrition info,AI/Food Logging,POSITIVE,0.9997146725654602
"So far, it's ideal for me and would recommend.",Personalization,POSITIVE,0.9998424053192139
Requires an account first.,Usability/Technical,NEGATIVE,0.6788060665130615
I'm able to fine-tune my food to support my individual health needs.,Engagement/Coach Support,POSITIVE,0.9995673298835754
Update: I still use the app often,Usability/Technical,POSITIVE,0.6432310342788696
"it is a one shot deal, not an annual subscription.",Cost/Value,NEGATIVE,0.9987095594406128
"I like how well rounded and wholesome the tracking system is with the food grading system, calorie tracking, macros, and a points system.",AI/Food Logging,POSITIVE,0.9997305274009705
"I am still using the free version of the app,",Cost/Value,NEGATIVE,0.9962130784988403
will continue to trial the premium version if it continues to work for me.,Cost/Value,POSITIVE,0.904444694519043
Had trouble logging in food to track.,AI/Food Logging,NEGATIVE,0.9991201758384705
Pleased with the food log.,AI/Food Logging,POSITIVE,0.9998193383216858
Gave it a 4 just because I wish there was more info in the free app vs the pay for extras app.,Cost/Value,NEGATIVE,0.9948541522026062
they didn't honor the price offered ($26.99).,Cost/Value,NEGATIVE,0.9996241331100464
I called pay pal and am disputing these charges since there is no way to contact Google directly.,Cost/Value,NEGATIVE,0.9995442032814026
"Easy to use, stable interface.",Usability/Technical,POSITIVE,0.9993671774864197
I do not like the new layout for the food tracker.,Usability/Technical,NEGATIVE,0.999440610408783
Too similar to other calorie trackers.,AI/Food Logging,NEGATIVE,0.999393105506897
The nutrition facts on the packages are often incorrectly reported.,AI/Food Logging,NEGATIVE,0.9989182949066162
I do like the nutrition information.,AI/Food Logging,POSITIVE,0.9995404481887817
NOT FREE!,Cost/Value,NEGATIVE,0.9995006322860718
There are too many free resources for this sort of thing to pay money for this.,Cost/Value,NEGATIVE,0.9995594620704651
"After creating my first meal a lot of the stuff I ate was user entered, which wasn't that big of a deal because it said so and I can just double check that stuff myself.",AI/Food Logging,NEGATIVE,0.999108612537384
Not free.,Cost/Value,NEGATIVE,0.9994639754295349
Free is hype.,Cost/Value,NEGATIVE,0.9783819913864136
"became very upset with their changes to the app, app's slowness and price increase.",Cost/Value,NEGATIVE,0.9997057318687439
Disappointed this free app wants my information and money.,Cost/Value,NEGATIVE,0.9997918009757996
"The best part of the app is the scanner , especially the alternatives it shows.",AI/Food Logging,POSITIVE,0.5016437768936157
The free version so far has been easy to use and understand.,Cost/Value,POSITIVE,0.6641246676445007
Only 4 stars because you can't remove an item from your meal history.,AI/Food Logging,NEGATIVE,0.9605745077133179
Like saved meal names or items.,AI/Food Logging,NEGATIVE,0.969157874584198
"the large database of items still shocks me, I think it's because its users can upload the food themselves which I myself love doing.",AI/Food Logging,POSITIVE,0.9954566955566406
"lol, Super user friendly no glitches,no adds I don't know how they do it.üíú",Usability/Technical,NEGATIVE,0.9945653676986694
This app makes changing eating habits fun.,Personalization,POSITIVE,0.9997212290763855
"That means, if I want my family to be healthier via Fooducate, the onus falls on me for all research & product checks & cooking (or someone borrows my account and, let's face it, we're all on our phones right now).",Usability/Technical,NEGATIVE,0.9993947744369507
I pay for time saving/convenience.,Cost/Value,NEGATIVE,0.9877129793167114
"Until family library accessibility is added, the hefty cost isn't worth it.",Cost/Value,NEGATIVE,0.9997032284736633
"The interface could be a little more user friendly, you should be able to add foods to breakfast, lunch, etc even when you're searching in the Food Finder.",Usability/Technical,NEGATIVE,0.996025562286377
"Unless I'm using the app wrong, right now I have to add all the ingredients to my daily intake and then choose to add it as a meal.",AI/Food Logging,NEGATIVE,0.9982390403747559
"Great app, great community, does the leg work to sift through lies of dieting and takes the time to explain some of the recent popular diets like intermittent fasting.",Engagement/Coach Support,NEGATIVE,0.9126247763633728
"Since it is a lifestyle change, it can be tough, and I really wish there was a calorie calculator based on ingredients.",AI/Food Logging,NEGATIVE,0.9990847110748291
"Easy tracking, great feedback",Engagement/Coach Support,POSITIVE,0.9997544884681702
I was disappointed there is no way to create your own recipe which is helpful if your trying to reach your goal.,AI/Food Logging,NEGATIVE,0.9996962547302246
I've tried a ton of the calorie counting apps and this one is the best.,AI/Food Logging,POSITIVE,0.9997250437736511
When this is a calorie counter app?,AI/Food Logging,NEGATIVE,0.9992734789848328
Take me to the calorie progress page when I tap history.,AI/Food Logging,NEGATIVE,0.9465593695640564
Or if you tap into nutrition and then tap into protein.,AI/Food Logging,NEGATIVE,0.9476689100265503
"Tapping back takes you to the main stage, not the previous nutrition page.",AI/Food Logging,NEGATIVE,0.5324986577033997
Decent app for the nutrition illiterate like me.,AI/Food Logging,POSITIVE,0.9987008571624756
I like how easy it is to scan the barcode of a food item and you get a letter grade as a response.,AI/Food Logging,NEGATIVE,0.9888913631439209
Nice community to talk to other people going through the same challenge ad you.,Engagement/Coach Support,POSITIVE,0.9990779161453247
"No, Im not an AI.",AI/Food Logging,NEGATIVE,0.9692825078964233
most of all love the built in community right on the app who you can chat with who share great tips.,Engagement/Coach Support,POSITIVE,0.9997829794883728
Well worth the investment.,Cost/Value,POSITIVE,0.9998769760131836
"It would be helpful if the comments were dated, because some comments are obviously from older versions of the food that had different nutrition.",AI/Food Logging,NEGATIVE,0.9986114501953125
Even more user friendly and has helped me shave off a few pounds.,Usability/Technical,NEGATIVE,0.6806142926216125
One other issue is when entering your own food item you cannot add a photo after you save the item.,AI/Food Logging,NEGATIVE,0.9953677654266357
I can't delete my account and the contact us link prompts me to share the app.,Usability/Technical,POSITIVE,0.9887725710868835
And with the suggestions it makes it is easy to find alternatives that I would like to eat instead.,Personalization,POSITIVE,0.9748497009277344
A good app and quick to log food,AI/Food Logging,POSITIVE,0.9998190999031067
Keeps track of my nutrition intake and helps with choices at the store.,AI/Food Logging,POSITIVE,0.998325526714325
Useful for calorie counting.,AI/Food Logging,POSITIVE,0.9464115500450134
Awesome community dedicated to supporting one another in the quest for a healthy lifestyle.,Engagement/Coach Support,POSITIVE,0.9998806715011597
Easiest food logging I've encountered.,AI/Food Logging,NEGATIVE,0.5563595294952393
A great food and nutrition tracker with tons of information.,AI/Food Logging,POSITIVE,0.9994006156921387
It's always easy for me to plan meals using the app and make sure I'm on track with my weight loss goals,Personalization,NEGATIVE,0.5415533781051636
Great for meal planning,AI/Food Logging,POSITIVE,0.9997933506965637
"I like the grading of the food, bit misleading when it says app is free, it's free",Cost/Value,NEGATIVE,0.9941954016685486
I created my account and profile and,Usability/Technical,POSITIVE,0.9787383675575256
"I was selecting the features I wanted, it popped up a screen to pay for them as pro features.",Cost/Value,NEGATIVE,0.9944114089012146
Long story short the app is either misleading or not user friendly in the slightest.,Usability/Technical,NEGATIVE,0.9995799660682678
"I tried this app for a month, and then I went ahead and got a lifetime subscription.",Cost/Value,NEGATIVE,0.7350364327430725
"You get to enjoy a community of like minded members, Set your daily targets, and monitor your progress.",Engagement/Coach Support,POSITIVE,0.9996259212493896
"I can't get an accurate nutrition profile (proteins, fats, carbs) due to numer of entries I have to use as ""user added.""",AI/Food Logging,NEGATIVE,0.9995079040527344
Great app just wish I could sync my Fit Bit and add a recipe.,AI/Food Logging,POSITIVE,0.9964471459388733
10/30/2020 Moved from free account to join premium subscription.,Cost/Value,NEGATIVE,0.9896094799041748
Highly recommend.,Personalization,POSITIVE,0.999872088432312
"Great app, one glitch is I can't Like, click other users comments gor some reason.",Usability/Technical,POSITIVE,0.9981135129928589
It keeps track of it all and it has a very user-friendly interface.,Usability/Technical,POSITIVE,0.9991851449012756
Simple yet effective...my only cons are; lacks a water consumption goal /you have to pay $6 just to continue your daily meal log and i cant calculate cal√µries burned from walking or excersize.,AI/Food Logging,NEGATIVE,0.9811868667602539
"Easy to use, great information and if I scan something that's not in their database, I take a couple of pictures of item label and I'll get an answer back once they've been able to process data.",AI/Food Logging,NEGATIVE,0.992276132106781
I need a refund i paid and no information,Cost/Value,NEGATIVE,0.9997556805610657
"Easy to use, good database and scanner.",AI/Food Logging,POSITIVE,0.9995688796043396
I like the grading system and the macro percentages.,AI/Food Logging,POSITIVE,0.9981840252876282
Recommend!,Personalization,POSITIVE,0.9998445510864258
Very user friendly especially for older people.,Usability/Technical,POSITIVE,0.992042601108551
"Food logging is easy, and motivating!",AI/Food Logging,POSITIVE,0.9980782270431519
Very frustrating,Usability/Technical,NEGATIVE,0.9993122816085815
"Works perfectly, I track my daily food intake to reach my calorie goal and it tracks my BMI and my goal weight.",AI/Food Logging,POSITIVE,0.9994335770606995
Gotta pay for a good allergy?,Cost/Value,NEGATIVE,0.9974478483200073
The scanner sucks and wouldn't scan any of my items.,AI/Food Logging,NEGATIVE,0.9992103576660156
they need to update the system or find people with better knowledge of what is healthy.,Usability/Technical,NEGATIVE,0.9995761513710022
I definitely recommend this app!,Personalization,POSITIVE,0.9998414516448975
Very good for keeping up with meal nutrition for all diets great database of everyday food items and you can create you own,AI/Food Logging,POSITIVE,0.9998176693916321
This app is the best way to manage your food intake to reach your goal weight.,Personalization,NEGATIVE,0.9974040389060974
Highly recommend!,Personalization,POSITIVE,0.9998724460601807
Free version does less than free version of myfitnesspal.,Cost/Value,NEGATIVE,0.9982267022132874
I love that you can add your own items and group items for a meal and save them for future use.,AI/Food Logging,POSITIVE,0.9994553923606873
"Also, if I scan a barcode that's not in the system, it asks me to take 3 pictures.",AI/Food Logging,NEGATIVE,0.9955379962921143
There's a online community that makes this app the bomb!,Engagement/Coach Support,NEGATIVE,0.9969103932380676
"If y5had to choose, go with lifetime subscription.",Cost/Value,NEGATIVE,0.9936475157737732
"My only complaint is having to pay a monthly subscription just to change a few setting like for watching your cholestorol, etc.",Cost/Value,NEGATIVE,0.9975607395172119
"Free, and informitive, best of all easy to use.",Cost/Value,POSITIVE,0.9925646781921387
"I love that you can scan the barcode on a package (most packages) and get a letter grade and explanation for it's grade (whether it's preservatives, added sugar, etc).",AI/Food Logging,POSITIVE,0.5635315775871277
I do pay for premium now,Cost/Value,POSITIVE,0.9391319155693054
maybe an upgrade user interface can really improve the look and feel of the app and attract more people!,Usability/Technical,NEGATIVE,0.7251533269882202
I just started using the free version and love the ease and options for tracking food and exercise.,Cost/Value,POSITIVE,0.9988792538642883
Easy to find food items for food log,AI/Food Logging,POSITIVE,0.8529989123344421
not all features available unless pay for premiu.,Cost/Value,NEGATIVE,0.9983676075935364
There ought to be a law about this sort of thing why don't you mention that you must pay for this app totally disgusting,Cost/Value,NEGATIVE,0.9996263980865479
"You have to pay to get full access to all the daily data for your nutrients, even the essential vitamins.",Cost/Value,NEGATIVE,0.9965139031410217
I love the grading system and suggestions for healthy options!,Personalization,POSITIVE,0.9998542070388794
I love the community because they give you tips and support when you need them.,Engagement/Coach Support,POSITIVE,0.9998190999031067
Great app and user friendly.,Usability/Technical,POSITIVE,0.9998593330383301
Fooducate is a great app for Diabetes meal tracking and weight loss.,AI/Food Logging,POSITIVE,0.9779013395309448
Being able to save frequent food combos as a meal is a real time saver.,AI/Food Logging,POSITIVE,0.9804471731185913
A nutrional breakdown by meal in addition to the daily totals so Diabetics can track the carbs by meal.,AI/Food Logging,NEGATIVE,0.9968889355659485
"Love having an app., so user friendly and to help be healthier and achieve my goals!",Usability/Technical,POSITIVE,0.9993982315063477
Very supportive community too,Engagement/Coach Support,POSITIVE,0.9997714161872864
I wish there were more foods already in the database,AI/Food Logging,NEGATIVE,0.9994394183158875
"The free version of fooducate has been great--I know some people find food tracking restrictive,",Cost/Value,NEGATIVE,0.9745172262191772
"It doesn't work for me..The calorie count is totally off under the ""excercise"" menu.",AI/Food Logging,NEGATIVE,0.9998047947883606
I love the features and calorie counter.,AI/Food Logging,POSITIVE,0.9998421669006348
The points aren't accurately tracked.,AI/Food Logging,NEGATIVE,0.999591052532196
Highly recommend,Personalization,POSITIVE,0.9998660087585449
Very helpful app b/c it gives you suggestions for healthier options.,Personalization,POSITIVE,0.9993041753768921
"So if a food received a ""C"" grade, I can look at the suggestions provided for ""A"" or ""B"" grade foods.",Personalization,NEGATIVE,0.9743254780769348
Camera can't focus on a barcode with a Samsung Galaxy S7.,AI/Food Logging,NEGATIVE,0.9403846263885498
"Two support requests over several months have yielded no fixes, so I imagine this popular phone model may be out of luck with Fooducate.",Engagement/Coach Support,NEGATIVE,0.9995768666267395
it doesn't sync with Samsung Health or any other health apps that I know of.,Usability/Technical,NEGATIVE,0.9994730353355408
Community is very welcoming and friendly.,Engagement/Coach Support,POSITIVE,0.9998704195022583
My go to app for nutrition!,AI/Food Logging,NEGATIVE,0.7649857997894287
Fooducate makes it easy to make small changes that boost nutrition.,AI/Food Logging,POSITIVE,0.9975982308387756
I am finding it very helpful and definitely worth the pro version.,Cost/Value,POSITIVE,0.999800980091095
This is just a calorie tracking app unless you pay.,AI/Food Logging,NEGATIVE,0.9980834722518921
Should have more free features.,Cost/Value,NEGATIVE,0.992215096950531
Getting healthy is already expensive enough dont add too it because in the end that just makes you look worse than Mcdonalds selling cheeseburgers for a dollar and salads for 5.,Cost/Value,NEGATIVE,0.9995728135108948
"Also, for some reason or another the barcode scanner did nothing",AI/Food Logging,NEGATIVE,0.9991338849067688
Another issue i stumbled across is when the barcode scanner wouldnt work I clicked the brows button,AI/Food Logging,NEGATIVE,0.9990707635879517
"Useful app, would recommend.",Personalization,POSITIVE,0.9986100196838379
"If things go well, I will update my rating to a 5 star review.",Usability/Technical,NEGATIVE,0.9595411419868469
*****update as of 4/30/20.,Usability/Technical,NEGATIVE,0.9118826389312744
Ran into a glitch where I couldnt post ratings and comments.,Usability/Technical,NEGATIVE,0.9995692372322083
Easy to use great information on any food and I love the food scanner,AI/Food Logging,POSITIVE,0.9989928603172302
Looked into it when I went online to look up nutrition of a certain food,AI/Food Logging,POSITIVE,0.9642403721809387
could see the add was only after a sale for a subscription after a free trial.,Cost/Value,NEGATIVE,0.9973920583724976
So I have given a good review then changed to a bad review because the app glitched out and started to suggest that I had to pay for what I had always gotten for free.,Cost/Value,NEGATIVE,0.9997023940086365
Accessing the 'macronutrient' portion of the app is definitely a game changer.,AI/Food Logging,POSITIVE,0.9970400929450989
I would like to see a more robust calorie tracker and maybe some integration with other apps such as Fitbit.,AI/Food Logging,NEGATIVE,0.9795530438423157
Gives me all the nutritional information and logging ability.,AI/Food Logging,POSITIVE,0.9932524561882019
"If you do not want to pay, then that's pretty much all you'll get plus tips and recipes that honestly arent much different than googling it.",Cost/Value,POSITIVE,0.8683910369873047
"If you pay, theres more detailed tracking available.",Cost/Value,NEGATIVE,0.9966413974761963
I didn't pay so I have no further info on that.,Cost/Value,NEGATIVE,0.9994494318962097
Easy to use and good for goal setting focused on healthiness rather than weight loss.,Personalization,POSITIVE,0.9972164630889893
Make it free,Cost/Value,POSITIVE,0.9996449947357178
I would probably purchase the pro version if it wasn't a subscription.,Cost/Value,NEGATIVE,0.9948857426643372
I already reccomend it to thousands of my friends and they also love it.Thank you Fooducate team for all your work.,Engagement/Coach Support,POSITIVE,0.9998435974121094
"So far easy interface, of the 6 random items I have scanned they uploaded quickly, and I have enjoyed reading the food information and quick grading system.",Usability/Technical,POSITIVE,0.9966477751731873
Easy way to check calorie count,AI/Food Logging,POSITIVE,0.5945576429367065
I love this app for tracking daily calories...it is amazing that you can add items into the database as well...increased personalized features would take this app to the next level!!,AI/Food Logging,POSITIVE,0.9997988343238831
Update this app has changed my life forever!,Usability/Technical,POSITIVE,0.998069703578949
This info can be obtained free of cost.... these people charge you a fee.,Cost/Value,NEGATIVE,0.7342031002044678
"Of the first 8 food items I've scanned, only 3 were found in their database.",AI/Food Logging,NEGATIVE,0.9984307885169983
"After about four days of tracking, it prompts me to pay to do more.",Cost/Value,NEGATIVE,0.976360023021698
Thank you Fooducate team,Engagement/Coach Support,POSITIVE,0.9996166229248047
Waste of money if you're looking to avoid corn.,Cost/Value,NEGATIVE,0.9998000264167786
I am on a low potassium diet and this app gives me what I needed to plan my meals!,Personalization,POSITIVE,0.9100658297538757
"The only thing free about this app is the user who wasted his/her time trying to get simple answers to simple nutrition questions, the basics for any weight control.",AI/Food Logging,NEGATIVE,0.9996525049209595
Everything else will cost you,Cost/Value,NEGATIVE,0.9049113392829895
if you get you charge card out right now they will generously give you 30% off of all that you/we had maybe thought for a moment would be FREE like the ad said.,Cost/Value,POSITIVE,0.6867185831069946
